{"train_step_loss": 0.004358567555324846, "valid_step_loss": 0.004232552664865169, "train_step_loss_1": 0.005395561774631822, "valid_step_loss_1": 0.008513349851953888, "train_abs_loss": 29.70279312133789, "train_rel_loss": 0.0007223420543596148, "valid_abs_loss": 14.354446411132812, "valid_rel_loss": 0.000350227695889771, "valid_deatil_loss_1_hole_1_split_0": 0.006346515680585678, "valid_deatil_loss_1_hole_1_split_1": 0.006194899552307713, "valid_deatil_loss_1_hole_2_split_0": 0.005968292360194027, "valid_deatil_loss_1_hole_2_split_1": 0.006992310091542701, "valid_deatil_loss_1_hole_2_split_2": 0.0058679399856676655, "valid_deatil_loss_1_hole_3_split_0": 0.0059287255474676686, "valid_deatil_loss_1_hole_3_split_1": 0.005007260556643208, "valid_deatil_loss_1_hole_3_split_2": 0.005044307482118408, "valid_deatil_loss_1_hole_3_split_3": 0.005528865770126383, "valid_deatil_loss_1_hole_5_split_0": 0.022427087649703026, "valid_deatil_loss_1_hole_5_split_1": 0.014443370824058851, "valid_deatil_loss_1_hole_5_split_2": 0.012362586489568153, "valid_deatil_loss_1_hole_5_split_3": 0.013125728660573563, "valid_deatil_loss_1_hole_5_split_4": 0.013190943204487363, "valid_deatil_loss_1_hole_5_split_5": 0.017820834182202816, "valid_deatil_loss_1_hole_10_split_2": 1.0734882354736328, "valid_deatil_loss_1_hole_10_split_3": 0.2183357315758864, "valid_deatil_loss_1_hole_10_split_4": 0.025191547814756632, "valid_deatil_loss_1_hole_10_split_5": 0.0275298566557467, "valid_deatil_loss_1_hole_10_split_6": 0.02473134050766627, "valid_deatil_loss_1_hole_10_split_7": 0.21686133121450743, "valid_deatil_loss_1_hole_10_split_8": 1.053929517666499, "_timestamp": 1705143854.1046004, "_runtime": 5116.219658374786, "_step": 