{"train_step_loss": 0.004362802425529608, "valid_step_loss": 0.004293083941804305, "train_step_loss_1": 0.004649890263775183, "valid_step_loss_1": 0.008059546407762795, "train_abs_loss": 17.09182357788086, "train_rel_loss": 0.0004174858913756907, "valid_abs_loss": 21.23860740661621, "valid_rel_loss": 0.0005188252544030547, "valid_deatil_loss_1_hole_1_split_0": 0.005980854000275333, "valid_deatil_loss_1_hole_1_split_1": 0.0060080680608128505, "valid_deatil_loss_1_hole_2_split_0": 0.005252835942277064, "valid_deatil_loss_1_hole_2_split_1": 0.0055141772027127445, "valid_deatil_loss_1_hole_2_split_2": 0.004888718055250744, "valid_deatil_loss_1_hole_3_split_0": 0.006190274415227274, "valid_deatil_loss_1_hole_3_split_1": 0.0046594686185320216, "valid_deatil_loss_1_hole_3_split_2": 0.004717797428990404, "valid_deatil_loss_1_hole_3_split_3": 0.0058923393953591585, "valid_deatil_loss_1_hole_5_split_0": 0.029212373308837414, "valid_deatil_loss_1_hole_5_split_1": 0.016734559011335175, "valid_deatil_loss_1_hole_5_split_2": 0.008710587047971785, "valid_deatil_loss_1_hole_5_split_3": 0.007624892828365167, "valid_deatil_loss_1_hole_5_split_4": 0.016351734676087897, "valid_deatil_loss_1_hole_5_split_5": 0.026250375900417566, "valid_deatil_loss_1_hole_10_split_2": 0.9400369922320048, "valid_deatil_loss_1_hole_10_split_3": 0.1545117845137914, "valid_deatil_loss_1_hole_10_split_4": 0.029134836047887802, "valid_deatil_loss_1_hole_10_split_5": 0.022531589182714622, "valid_deatil_loss_1_hole_10_split_6": 0.026815513459344704, "valid_deatil_loss_1_hole_10_split_7": 0.1496709498266379, "valid_deatil_loss_1_hole_10_split_8": 0.9086436529954275, "_timestamp": 1705144737.6712854, "_runtime": 5999.786343336105, "_step": 99, "_wandb": {"runtime": 6078}}