{"train_step_loss": 0.003984353189627009, "valid_step_loss": 0.01848891153931618, "train_step_loss_1": 0.004205717472359538, "valid_step_loss_1": 0.013433727733790875, "valid_cross_step_loss": 0.5433906614780426, "valid_cross_step_loss_1": 0.30820036431153613, "train_abs_loss": 10.74759292602539, "train_rel_loss": 0.00026190330390818417, "valid_abs_loss": 26.376201629638672, "valid_rel_loss": 0.000643125968053937, "_timestamp": 1704792565.4570668, "_runtime": 1808.978640794754, "_step": 125, "_wandb": {"runtime": 1807}}