{"train_step_loss": 0.0157308051458154, "valid_step_loss": 16.305783764008552, "train_abs_loss": 1088.3687744140625, "train_rel_loss": 0.02604101598262787, "valid_abs_loss": 1415.478759765625, "valid_rel_loss": 0.03363063558936119, "_timestamp": 1704775452.941717, "_runtime": 494.51608180999756, "_step": 28, "_wandb": {"runtime": 495}}