{"train_step_loss": 0.045547090184230074, "valid_step_loss": 0.05174816940580645, "_timestamp": 1704711714.357571, "_runtime": 94.42273187637329, "_step": 9, "_wandb": {"runtime": 95}}