{"train_step_loss": 0.0035458299530399663, "valid_step_loss": 0.0035598648603134336, "train_step_loss_1": 0.0031174234307361067, "valid_step_loss_1": 0.007526375894104281, "train_abs_loss": 13.135944366455078, "train_rel_loss": 0.0003198531921952963, "valid_abs_loss": 13.629714965820312, "valid_rel_loss": 0.00033275160240009427, "valid_deatil_loss_1_hole_1_split_0": 0.0059773417985221995, "valid_deatil_loss_1_hole_1_split_1": 0.005894956790143624, "valid_deatil_loss_1_hole_2_split_0": 0.005050921201473102, "valid_deatil_loss_1_hole_2_split_1": 0.006277733133174479, "valid_deatil_loss_1_hole_2_split_2": 0.005410784952497731, "valid_deatil_loss_1_hole_3_split_0": 0.007079954259097576, "valid_deatil_loss_1_hole_3_split_1": 0.005585338997965057, "valid_deatil_loss_1_hole_3_split_2": 0.0060600919532589614, "valid_deatil_loss_1_hole_3_split_3": 0.00679678819142282, "valid_deatil_loss_1_hole_5_split_0": 0.034113952269156776, "valid_deatil_loss_1_hole_5_split_1": 0.017694061466803152, "valid_deatil_loss_1_hole_5_split_2": 0.010080537875182927, "valid_deatil_loss_1_hole_5_split_3": 0.009667513465198377, "valid_deatil_loss_1_hole_5_split_4": 0.016453402970607083, "valid_deatil_loss_1_hole_5_split_5": 0.029344153745720785, "valid_deatil_loss_1_hole_10_split_2": 0.5662330488363901, "valid_deatil_loss_1_hole_10_split_3": 0.06964941757420699, "valid_deatil_loss_1_hole_10_split_4": 0.027761163810888927, "valid_deatil_loss_1_hole_10_split_5": 0.023785329423844814, "valid_deatil_loss_1_hole_10_split_6": 0.02699754262963931, "valid_deatil_loss_1_hole_10_split_7": 0.06367995496839285, "valid_deatil_loss_1_hole_10_split_8": 0.5120502014954885, "_timestamp": 1705174375.7868116, "_runtime": 18786.272146701813, "_step": 175, "_wandb": {"runtime": 18880}}