{"train_step_loss": 2.2022271504959998e-05, "valid_step_loss": 0.03178013350454069, "_timestamp": 1704716439.8033156, "_runtime": 4651.432594537735, "_step": 800, "_wandb": {"runtime": 4646}}