{"train_step_loss": 0.045942828441277526, "valid_step_loss": 0.058657734985313105, "_timestamp": 1704711458.4793665, "_runtime": 95.2184705734253, "_step": 9, "_wandb": {"runtime": 241}}