{"train_step_loss": 0.002173341895776013, "valid_step_loss": 0.005339883846200762, "train_abs_loss": 10.152429580688477, "train_rel_loss": 0.00024839016259647906, "valid_abs_loss": 13.975018501281738, "valid_rel_loss": 0.00034240400418639183, "valid_deatil_loss_1_hole_1": 0.006803295769107838, "valid_deatil_loss_1_hole_2": 0.0014960028250546504, "valid_deatil_loss_1_hole_3": 0.0019223744748160243, "valid_deatil_loss_1_hole_5": 0.0034292262280359864, "valid_deatil_loss_1_hole_10": 0.013217427302151918, "_timestamp": 1705041348.7334964, "_runtime": 7881.729242324829, "_step": 800, "_wandb": {"runtime": 7879}}