{"train_step_loss": 0.1345607191324234, "valid_step_loss": 0.11826922317906734, "train_step_loss_1": 0.058000427310264877, "valid_step_loss_1": 0.05853698468737064, "train_abs_loss": 93.17636108398438, "train_rel_loss": 0.0022832415997982025, "valid_abs_loss": 112.2469711303711, "valid_rel_loss": 0.002744953613728285, "valid_deatil_loss_1_hole_1_split_0": 0.015888193001349766, "valid_deatil_loss_1_hole_1_split_1": 0.01351471741994222, "valid_deatil_loss_1_hole_2_split_0": 0.019576172654827435, "valid_deatil_loss_1_hole_2_split_1": 0.02044396164516608, "valid_deatil_loss_1_hole_2_split_2": 0.01865370144757132, "valid_deatil_loss_1_hole_3_split_0": 0.039050694555044174, "valid_deatil_loss_1_hole_3_split_1": 0.034720747265964746, "valid_deatil_loss_1_hole_3_split_2": 0.034423531498759985, "valid_deatil_loss_1_hole_3_split_3": 0.037822352877507605, "valid_deatil_loss_1_hole_5_split_0": 0.10855397147436936, "valid_deatil_loss_1_hole_5_split_1": 0.08871447667479515, "valid_deatil_loss_1_hole_5_split_2": 0.06652327564855416, "valid_deatil_loss_1_hole_5_split_3": 0.06581603549420834, "valid_deatil_loss_1_hole_5_split_4": 0.09358302565912406, "valid_deatil_loss_1_hole_5_split_5": 0.10857916375001271, "valid_deatil_loss_1_hole_10_split_0": 0.2972818613052368, "valid_deatil_loss_1_hole_10_split_1": 0.2360473262766997, "valid_deatil_loss_1_hole_10_split_2": 0.19752479220430055, "valid_deatil_loss_1_hole_10_split_3": 0.19118417551120123, "valid_deatil_loss_1_hole_10_split_4": 0.19525067880749702, "valid_deatil_loss_1_hole_10_split_5": 0.21273389210303625, "valid_deatil_loss_1_hole_10_split_6": 0.20597288881738982, "valid_deatil_loss_1_hole_10_split_7": 0.19592508797844252, "valid_deatil_loss_1_hole_10_split_8": 0.20508653670549393, "valid_deatil_loss_1_hole_10_split_9": 0.2625967487692833, "valid_deatil_loss_1_hole_10_split_10": 0.33022396514813107, "_timestamp": 1705067416.1546907, "_runtime": 305.42552876472473, "_step": 10, "_wandb": {"runtime": 321}}