{"train_step_loss": 3.8884950696135486e-05, "valid_step_loss": 0.016452902161906802, "train_step_loss_1": 0.0006637417588932201, "valid_step_loss_1": 0.01287319481132492, "train_abs_loss": 1.9284775257110596, "train_rel_loss": 4.719549906440079e-05, "valid_abs_loss": 25.238265991210938, "valid_rel_loss": 0.0006179119227454066, "_timestamp": 1704790490.8813946, "_runtime": 13845.845148563385, "_step": 800, "_wandb": {"runtime": 13843}}