{"train_step_loss": 0.23160248369939865, "valid_step_loss": 0.22663081990134332, "train_step_loss_1": 0.18899837713087758, "valid_step_loss_1": 0.1685474779336683, "train_abs_loss": 170.45217895507812, "train_rel_loss": 0.004187554121017456, "valid_abs_loss": 147.65960693359375, "valid_rel_loss": 0.003618131158873439, "valid_deatil_loss_1_hole_1_split_0": 0.0695725108186404, "valid_deatil_loss_1_hole_1_split_1": 0.06520980317145586, "valid_deatil_loss_1_hole_2_split_0": 0.12158136628568172, "valid_deatil_loss_1_hole_2_split_1": 0.12299791475137074, "valid_deatil_loss_1_hole_2_split_2": 0.11546507415672143, "valid_deatil_loss_1_hole_3_split_0": 0.22070148959755898, "valid_deatil_loss_1_hole_3_split_1": 0.17741029585401216, "valid_deatil_loss_1_hole_3_split_2": 0.17543656130631766, "valid_deatil_loss_1_hole_3_split_3": 0.2108272189895312, "valid_deatil_loss_1_hole_5_split_0": 0.39451878021160763, "valid_deatil_loss_1_hole_5_split_1": 0.35142504423856735, "valid_deatil_loss_1_hole_5_split_2": 0.2909695232907931, "valid_deatil_loss_1_hole_5_split_3": 0.29022422432899475, "valid_deatil_loss_1_hole_5_split_4": 0.34750910351673764, "valid_deatil_loss_1_hole_5_split_5": 0.38063100973765057, "valid_deatil_loss_1_hole_10_split_0": 0.5559373398621877, "valid_deatil_loss_1_hole_10_split_1": 0.5111532087127367, "valid_deatil_loss_1_hole_10_split_2": 0.4933383986353874, "valid_deatil_loss_1_hole_10_split_3": 0.47241559624671936, "valid_deatil_loss_1_hole_10_split_4": 0.4634117931127548, "valid_deatil_loss_1_hole_10_split_5": 0.4674896498521169, "valid_deatil_loss_1_hole_10_split_6": 0.45600155740976334, "valid_deatil_loss_1_hole_10_split_7": 0.45832113921642303, "valid_deatil_loss_1_hole_10_split_8": 0.48149499545494717, "valid_deatil_loss_1_hole_10_split_9": 0.49052393436431885, "valid_deatil_loss_1_hole_10_split_10": 0.5271723990639051, "_timestamp": 1705068489.1116238, "_runtime": 128.43113780021667, "_step": 3, "_wandb": {"runtime": 136}}