{"train_step_loss": 0.012424254288467078, "valid_step_loss": 0.01400256135891522, "train_abs_loss": 30.715560913085938, "train_rel_loss": 0.0007532922318205237, "valid_abs_loss": 36.90547180175781, "valid_rel_loss": 0.0009061087621375918, "valid_deatil_loss_1_hole_1": 0.006671324643927316, "valid_deatil_loss_1_hole_2": 0.003449802907804648, "valid_deatil_loss_1_hole_3": 0.005065466044470668, "valid_deatil_loss_1_hole_5": 0.012004137815286716, "valid_deatil_loss_1_hole_10": 0.04951035603880882, "_timestamp": 1705033439.9051905, "_runtime": 476.6780023574829, "_step": 43, "_wandb": {"runtime": 483}}