{"train_step_loss": 3.548479635822169e-05, "valid_step_loss": 0.016903987605004542, "train_step_loss_1": 0.0007164413161659375, "valid_step_loss_1": 0.013371287604733821, "train_abs_loss": 1.7785351276397705, "train_rel_loss": 4.347614958533086e-05, "valid_abs_loss": 35.175994873046875, "valid_rel_loss": 0.0008659414597786963, "_timestamp": 1704905430.1325207, "_runtime": 14614.067653656006, "_step": 1601, "valid_deatil_loss_1_hole_1_split_0": 0.013001367876616618, "valid_deatil_loss_1_hole_1_split_1": 0.010307448799721897, "valid_deatil_loss_1_hole_2_split_0": 0.0032780884648673236, "valid_deatil_loss_1_hole_2_split_1": 0.003370558707198749, "valid_deatil_loss_1_hole_2_split_2": 0.003270681443003317, "valid_deatil_loss_1_hole_3_split_0": 0.0037104947647700706, "valid_deatil_loss_1_hole_3_split_1": 0.0036942114432652793, "valid_deatil_loss_1_hole_3_split_2": 0.0037072614456216493, "valid_deatil_loss_1_hole_3_split_3": 0.0031914146384224296, "valid_deatil_loss_1_hole_5_split_0": 0.010856556861350933, "valid_deatil_loss_1_hole_5_split_1": 0.009448147689302763, "valid_deatil_loss_1_hole_5_split_2": 0.008681956368188063, "valid_deatil_loss_1_hole_5_split_3": 0.008596682921051979, "valid_deatil_loss_1_hole_5_split_4": 0.009851069500048956, "valid_deatil_loss_1_hole_5_split_5": 0.010947720302889744, "valid_deatil_loss_1_hole_10_split_0": 0.05824100412428379, "valid_deatil_loss_1_hole_10_split_1": 0.05162208154797554, "valid_deatil_loss_1_hole_10_split_2": 0.045162901282310486, "valid_deatil_loss_1_hole_10_split_3": 0.04129603939751784, "valid_deatil_loss_1_hole_10_split_4": 0.03814123819271723, "valid_deatil_loss_1_hole_10_split_5": 0.03192014743884405, "valid_deatil_loss_1_hole_10_split_6": 0.03709530054281155, "valid_deatil_loss_1_hole_10_split_7": 0.039659214516480766, "valid_deatil_loss_1_hole_10_split_8": 0.04385813263555368, "valid_deatil_loss_1_hole_10_split_9": 0.050898139675458275, "valid_deatil_loss_1_hole_10_split_10": 0.058204455922047295, "_wandb": {"runtime": 14612}}