{"train_step_loss": 2.2535064393499244e-05, "valid_step_loss": 0.029778365226041888, "train_abs_loss": 1.5217105150222778, "train_rel_loss": 3.728091178345494e-05, "valid_abs_loss": 36.12562561035156, "valid_rel_loss": 0.0008871415629982948, "_timestamp": 1704736597.4789324, "_runtime": 16195.260488271713, "_step": 800, "_wandb": {"runtime": 16190}}