{"train_step_loss": 0.001961556217265165, "valid_step_loss": 0.005668272309365773, "train_step_loss_1": 0.0003653793301250565, "valid_step_loss_1": 0.005197859478123006, "train_abs_loss": 9.404979705810547, "train_rel_loss": 0.0002312852011527866, "valid_abs_loss": 13.742828369140625, "valid_rel_loss": 0.00033536850241944194, "valid_deatil_loss_1_hole_1_split_0": 0.005566013773204759, "valid_deatil_loss_1_hole_1_split_1": 0.005203390571599205, "valid_deatil_loss_1_hole_2_split_0": 0.0036442956528238333, "valid_deatil_loss_1_hole_2_split_1": 0.003845573616369317, "valid_deatil_loss_1_hole_2_split_2": 0.0036238784038384133, "valid_deatil_loss_1_hole_3_split_0": 0.002377870987402275, "valid_deatil_loss_1_hole_3_split_1": 0.0023758865718264133, "valid_deatil_loss_1_hole_3_split_2": 0.0024323482939507812, "valid_deatil_loss_1_hole_3_split_3": 0.0023482318598932275, "valid_deatil_loss_1_hole_5_split_0": 0.0046789820965689915, "valid_deatil_loss_1_hole_5_split_1": 0.004498547796780865, "valid_deatil_loss_1_hole_5_split_2": 0.004401897739929457, "valid_deatil_loss_1_hole_5_split_3": 0.004332543661197026, "valid_deatil_loss_1_hole_5_split_4": 0.004474734848675628, "valid_deatil_loss_1_hole_5_split_5": 0.004606449801940471, "valid_deatil_loss_1_hole_10_split_0": 0.01301475598787268, "valid_deatil_loss_1_hole_10_split_1": 0.012456712235386172, "valid_deatil_loss_1_hole_10_split_2": 0.011910742847248912, "valid_deatil_loss_1_hole_10_split_3": 0.011191453862314424, "valid_deatil_loss_1_hole_10_split_4": 0.010959869095434746, "valid_deatil_loss_1_hole_10_split_5": 0.010871158291896185, "valid_deatil_loss_1_hole_10_split_6": 0.010562397229174772, "valid_deatil_loss_1_hole_10_split_7": 0.011034257166708509, "valid_deatil_loss_1_hole_10_split_8": 0.01131858016985158, "valid_deatil_loss_1_hole_10_split_9": 0.011677098538105687, "valid_deatil_loss_1_hole_10_split_10": 0.012640714024504026, "_timestamp": 1705096913.6192389, "_runtime": 28367.822326898575, "_step": 800, "_wandb": {"runtime": 28366}}