{"Train loss": 0.33189859986305237, "_timestamp": 1704697479.9995198, "_runtime": 233.38784074783325, "_step": 119, "Test avg loss": 0.0011166946306824684, "Test acc": 93.7, "_wandb": {"runtime": 228}}