{"train_step_loss": 3.5789360854556806e-05, "valid_step_loss": 0.016398082472263806, "train_abs_loss": 1.8913218975067139, "train_rel_loss": 4.633811840903945e-05, "valid_abs_loss": 24.95012664794922, "valid_rel_loss": 0.000611439230851829, "_timestamp": 1704738430.015143, "_runtime": 16281.597842931747, "_step": 800, "_wandb": {"runtime": 16277}}