{"train_step_loss": 0.0007320212368936971, "valid_step_loss": 0.008476649118106692, "train_abs_loss": 6.718306541442871, "train_rel_loss": 0.00016397306171711534, "valid_abs_loss": 26.405445098876953, "valid_rel_loss": 0.0006464793696068227, "valid_deatil_loss_1_hole_1": 0.015124945513283214, "valid_deatil_loss_1_hole_2": 0.0030846026881287494, "valid_deatil_loss_1_hole_3": 0.0017007256004338462, "valid_deatil_loss_1_hole_5": 0.0034116782868901887, "valid_deatil_loss_1_hole_10": 0.01989219446356098, "_timestamp": 1704995238.2813792, "_runtime": 7734.871730327606, "_step": 800, "_wandb": {"runtime": 7733}}