{"train_step_loss": 3.32106113590623e-05, "valid_step_loss": 0.018688743114471437, "train_step_loss_1": 0.0003413338751171625, "valid_step_loss_1": 0.015305530000478029, "valid_cross_step_loss": 1.4385896722475688, "valid_cross_step_loss_1": 0.5715110699335734, "train_abs_loss": 1.1882619857788086, "train_rel_loss": 2.8921309422003105e-05, "valid_abs_loss": 23.837406158447266, "valid_rel_loss": 0.0005823882529512048, "valid_cross_abs_loss": 276.3306884765625, "valid_cross_rel_loss": 0.006810682360082865, "_timestamp": 1704804595.429175, "_runtime": 10876.329798936844, "_step": 800, "_wandb": {"runtime": 10874}}