{"train_step_loss": 0.11632087505465254, "valid_step_loss": 0.12251775399331123, "train_abs_loss": 162.37869262695312, "train_rel_loss": 0.0039871251210570335, "valid_abs_loss": 147.40570068359375, "valid_rel_loss": 0.0036055087111890316, "valid_deatil_loss_1_hole_1": 0.04474334605038166, "valid_deatil_loss_1_hole_2": 0.10239340489109357, "valid_deatil_loss_1_hole_3": 0.16375242173671722, "valid_deatil_loss_1_hole_5": 0.2439469943443934, "valid_deatil_loss_1_hole_10": 0.43493714928627014, "_timestamp": 1705068083.542118, "_runtime": 184.4572491645813, "_step": 3, "_wandb": {"runtime": 200}}