{"train_step_loss": 0.0025742435618900717, "valid_step_loss": 0.005005568160765594, "train_abs_loss": 18.04703712463379, "train_rel_loss": 0.0004412054258864373, "valid_abs_loss": 22.753856658935547, "valid_rel_loss": 0.0005566865438595414, "valid_deatil_loss_1_hole_1": 0.006533235815974574, "valid_deatil_loss_1_hole_2": 0.0014332217009117205, "valid_deatil_loss_1_hole_3": 0.0019522813575652738, "valid_deatil_loss_1_hole_5": 0.003322907801096638, "valid_deatil_loss_1_hole_10": 0.012726997646192709, "_timestamp": 1705053495.1363118, "_runtime": 8154.9884877204895, "_step": 800, "_wandb": {"runtime": 8153}}